,name,album,artist,release_date,duration,popularity,id
0,Changes,Vol. 4 (2009 Remastered Version),Black Sabbath,1972-09-25,282493,55,4MpIwDaZdFLafMDcAx4k4q
1,Restart,Restart,Shellerini,2019-10-02,275294,34,2unYQbgst3vkYdAxH1rbEp
2,Simple Man,Pronounced 'Leh-'Nérd 'Skin-'Nérd (Expanded Edition),Lynyrd Skynyrd,1973,357933,58,6F6DxQ3XjToEHX1e2KKSbg
3,Can't Let You Go,Bent Out Of Shape,Rainbow,1983-01-01,259866,51,2L6LeWFHYhcxisYJ9X0Adn
4,Z Tobą,Wojtek Sokół,Sokół,2019-02-15,253533,0,0eZO12gIzIJ1HnV59OvYGT
5,Follow Your Heart,Follow Your Heart,Scorpions,2017-11-10,245626,54,1EJZQ6uhrvl4JtoKn7RKFd
6,Drugi Brzeg,Drugi Brzeg,Paluch,2020-07-04,206582,39,3qXIUQwBPM6ZMgDQZxQAYX
7,Scene Eight: The Spirit Carries On,"Metropolis, Pt. 2: Scenes from a Memory",Dream Theater,1999-01-01,398266,54,7ycz6sgZWp4wvF53BZVTjE
8,Catch The Rainbow,Ritchie Blackmore's Rainbow,Rainbow,1975-01-01,396466,58,7FtRUrOEDUHTvenvp1BqZo
9,Wasted Years - 2015 Remaster,Somewhere in Time (2015 Remaster),Iron Maiden,1986,309640,66,1HM7Vp84E4SMzdrZONg6bH
10,Dym,Dym,Paluch,2017-06-26,229090,37,7EVqVTLvN1u5SQZlRGCkow
11,Imagine - Remastered 2010,Imagine,John Lennon,1971-09-09,187866,76,7pKfPomDEeI4TPT6EOYjn9
12,Toskania Outro,Europa,Taco Hemingway,2020-09-04,307840,46,2TYx5h3sQMNbDvX2ymvlDX
13,High Hopes - 2011 Remaster,The Division Bell (2011 Remastered Version),Pink Floyd,1994-03-28,511013,55,236mI0lz8JdQjlmijARSwY
14,Perfect Strangers,Perfect Strangers,Deep Purple,1984-09-16,328426,65,2JhJOPGvtqMpj5RQC8cIYf
15,Skrable,Art Brut 2,PRO8L3M,2020-03-07,243546,56,6KMvWbvvvD205ZhvXmjxVr
16,Mówiłaś Mi…,Ja Tu Tylko Sprzątam,O.S.T.R.,2008-02-22,210306,44,3sHjkMe0OK4zI2nD85Oilh
17,Flary,Ground Zero Mixtape,PRO8L3M,2018-03-16,211384,53,1jht5YeGQx0Rg8qgcEbUpz
18,On an Island,On an Island,David Gilmour,2006-03-07,407586,41,6WjWaFu6YADsMKqjmZE2g0
19,Brothers In Arms,Brothers In Arms,Dire Straits,1985-05-13,424000,3,0CzeAbfKFnxnWjwo5iYiCG
20,Is This Love - 2018 Remaster,Whitesnake (2018 Remaster),Whitesnake,1987,284496,68,3pHpV3pa96s4vuBP7sQq0V
21,Telstar,Alma Mater,Shellerini,2019-10-11,201549,24,6ipDTIeurrftM88oQh88IZ
22,Między słowami,Egzotyka,Quebonafide,2017-06-07,255961,32,652mf6m91sSWCxsnHDwoWR
23,Feeling Good,I Put A Spell On You,Nina Simone,1965-06-01,174000,72,6Rqn2GFlmvmV4w9Ala0I1e
24,Comfortably Numb - 2011 Remastered Version,The Wall (Remastered),Pink Floyd,1979-11-30,379213,66,7Fg4jpwpkdkGCvq1rrXnvx
25,When the Smoke Is Going Down - 2015 Remaster,Blackout,Scorpions,1982-03-29,231986,49,5CdbSPuZdIKFm5e0TUDJD8
26,Free Bird,Pronounced 'Leh-'Nérd 'Skin-'Nérd (Expanded Edition),Lynyrd Skynyrd,1973,558933,59,4qsAYBCJnu2OkTKUVbbOF1
27,Highway Star - Remastered 2012,Machine Head (Remastered),Deep Purple,1972-03-25,366136,67,3uMmllZo1AfoEnVT4ENCD3
28,"Mama, I'm Coming Home",No More Tears (Expanded Edition),Ozzy Osbourne,1991-09-17,251866,68,0S3gpZzlT9Hb7CCSV2owX7
29,Rainbow Eyes,Long Live Rock N Roll (Deluxe Edition),Rainbow,1978,441560,46,7AOwexG6AtkrmI7kdacXvQ
30,Too Many Tears - 2003 Remastered Version,Best of Whitesnake,Whitesnake,2003-03-24,348000,35,5VixAoU5wQmTwRkjah256u
31,BUBBLETEA,ROMANTIC PSYCHO,Quebonafide,2020-04-02,284000,49,7eBYMVok43QesT0KnuIkjn
32,Wiking,Wszystko co złe,Sarius,2018-08-31,176346,52,1ef8jV2jElVL74JzBKo6K7
33,Ain't Got No - I Got Life - Single Version,'Nuff Said (Expanded Edition),Nina Simone,1968,176080,46,25MNMuaD4EfXeEPqzJ236F
34,Just the Two of Us (feat. Bill Withers),Anthology,"Grover Washington, Jr.",1985,438493,77,1ko2lVN0vKGUl9zrU0qSlT
35,Oprócz błękitnego nieba,"Najlepsze Hity Dla Ciebie Polskie, Vol. 2",Various Artists,2015-06-23,264960,1,6JlnMdYn2xUmhMNb4LuZM8
36,Nie gotujemy,Sea You Later,The Dumplings,2015-11-13,233614,43,01VEpM38d3fcWZddfuYWOv
37,Mieć czy być,Happiness Is Easy,Myslovitz,2006-05-12,192160,51,0z3GnQC4I6HDNHM16Cgvj8
38,Piła tango,Piła tango,Strachy Na Lachy,2005,362320,48,32sSR7MgxuLxQP4q4F4tGH
39,"Piroman (prod. Steez83, cuty: Steez83)",Muzyka współczesna,Pezet,2019-09-27,232373,42,6dRtvWOFjzw9nYijOWIEoy
40,It's My Life,Crush,Bon Jovi,2000-01-01,224493,80,0v1XpBHnsbkCn7iJ9Ucr1l
41,"Take Me Home, Country Roads","The John Denver Collection, Vol 1: Take Me Home Country Roads",John Denver,1997-06-17,197813,6,39q7xibBdRboeMKUbZEB6g
42,Wiśnia,Wiśnia,Kaśka Sochacka,2019-10-27,247954,35,3XARTfDznSPg0HVPCGJDz0
43,Saturn,Atlas: I,Sleeping At Last,2014-07-08,289792,66,3tJjZMHLqhD8DaGgdBICnc
44,Layla,Complete Clapton,Eric Clapton,2007-01-01,428266,40,3yePZLjcJ4XNbh0vlKTZBo
45,Last Kiss,Last Kiss,Pearl Jam,1999,195466,70,0QnONzv3TvHAWk294h6DaQ
46,Remedy,25,Adele,2015-11-20,245426,0,6CGf2aPvKj7497cZ6JMmGT
47,Black Velvet,Alannah Myles,Alannah Myles,1989-03-14,287440,71,1KU5EHSz04JhGg3rReGJ0N
48,Deszcz Na Betonie (?),Marmur,Taco Hemingway,2016-11-02,232477,0,2KTFuRiTBQoHuUi0Jev6fl
49,Why Don't You Get A Job,Americana,The Offspring,1998-11-16,172466,73,0sNKiz82ATCvT3f3XVVUUj
50,BIEŁYJE NOSY,BIEŁYJE NOSY,TEDE,2019-05-20,289213,41,2f4vdaOFLc870TX7NK6o7e
51,Still Loving You,Comeblack,Scorpions,2011-11-04,403453,73,0RdUX4WE0fO30VnlUbDVL6
52,Sacrum,Dekada,Mezo,2016-01-01,255746,0,7qWwr8sJ6faH3EKrbnpn2X
53,Yesterday - Remastered 2009,Help! (Remastered),The Beatles,1965-08-06,125666,75,3BQHpFgAp4l80e1XslIjNI
54,Alive,Ten,Pearl Jam,1991-08-27,340907,75,1L94M3KIu7QluZe63g64rv
55,Deus In Absentia,Meliora (Deluxe Edition),Ghost,2016-09-16,337560,40,5GjH3tVjg5xR50B9bZ75UR
56,Just Call My Name (I'll Be There),The Village Lanterne,Blackmore's Night,2006-04-04,287626,0,1McqRBaVgEgeF0AW97Gr5A
57,When I'm Sixty Four,Yellow Submarine Songtrack,The Beatles,2014-01-01,159093,43,1zdBFL2UtwbCEubEdcdSmU
58,"Strange Kind Of Woman - Live In Osaka, Japan / 16th August 1972 / 2014 Remaster",Made In Japan (Deluxe / 2014 Remaster),Deep Purple,1972,592417,32,3yALY3kIx7Z7szbRO2lRgT
59,Fear of the Dark - 2015 Remaster,Fear of the Dark (2015 Remaster),Iron Maiden,1992,438120,71,6p8eFfPw3nQkf37aT3AkmK
60,Dwuzłotówki Dancing,Jarmark,Taco Hemingway,2020-08-28,284373,44,6ylgfbnMGbhHqnIIlvSlff
61,Bez Strachu,Lepszego Życia Diler,Paluch,2013-12-20,270459,56,0fwQlhRlZfXd71hi3zhZ3w
62,Wszystko Jedno,Trójkąt warszawski,Taco Hemingway,2015-05-13,310151,0,0bdeLFRIziXGqXdz5UJDb0
63,Sailing Ships - 2009 Remaster,Slip of the Tongue (20th Anniversary Expanded Edition),Whitesnake,1989-11-18,366666,34,1J2uuMm8SyGEI8uPRTBc5v
64,Ain't No Love In The Heart Of The City - 2003 Remastered Version,Best of Whitesnake,Whitesnake,2003-03-24,308240,38,13jO52N4hQGFXe4XYKnDRZ
65,I'd Rather Go Blind,Don't Explain,"Beth Hart, Joe Bonamassa",2011-09-27,486773,55,3BF9J3DjZuNKcfiAwkTsWK
66,Znaki zapytania,Dla fanów eklektyki,Quebonafide,2017-06-14,288122,26,6OJpNvSIXdLw62a6vp7rie
67,Napad na bankiet,Wojtek Sokół,Sokół,2019-02-15,287906,0,2yVGgYMwdNIcEdEiUzFUYc
68,The Prophecy - 2015 Remaster,Seventh Son of a Seventh Son (2015 Remaster),Iron Maiden,1988,305760,43,2GTX1cCoHvnnswgVtOUplb
69,Wasted Sunsets,Perfect Strangers,Deep Purple,1984-09-16,235960,45,07W9HcJyjXPnKQSMbUcWZU
70,Mistreated - Remastered 2004,Burn (30th Anniversary Edition),Deep Purple,1974-02-15,448333,44,34RISamoO5iubsOanSlpQo
71,Sultans Of Swing,Dire Straits,Dire Straits,1978-10-07,348400,81,37Tmv4NnfQeb0ZgUC4fOJj
72,Na pewno,Alma Mater,Shellerini,2019-10-11,186136,23,4mXpIRbYgIz03EZ1hGOBbx
73,I Żeby Było Normalnie,Prosto Mixtape 600V,Various Artists,2010-04-26,286275,0,0kgrbr4t69ThRLKG98lU3v
74,Wojna totalna,Wojna totalna,Słoń,2020-11-02,515294,36,0A6rU3K1SXKu28gdQ02mmd
75,Puzzle,EP,Słoń,2019-02-11,223636,41,4Xxkvj5cn8MMGYgrjYRnLr
76,Black,Ten,Pearl Jam,1991-08-27,342653,73,5Xak5fmy089t0FYmh3VJiY
77,Soldier of Fortune,The Platinum Collection,Deep Purple,2005-06-17,195160,49,7uRcUUmZpU4YVZFNVZnyXd
78,In The Army Now,In The Army Now,Status Quo,1986,281746,65,6QLspHLCLftSGPa6vNzKuo
79,King of Dreams,Slaves and Masters (Bonus Track Version),Deep Purple,1990-10-05,326013,40,4HomPKDsqVz9xAtW2zyMO2
80,All the Time in the World - Live in Rome 2013,Live in Rome 2013,Deep Purple,2019-12-06,259368,10,19cj5jW9ceHedTq3IF9D8O
81,Don't Cry (Original),Use Your Illusion I,Guns N' Roses,1991-09-17,283733,76,2N2yrmodOnVF10mKvItC9P
82,Since You Been Gone,Down To Earth,Rainbow,1979-01-01,197160,67,6xq5DxZWGgdStAxGAil0yw
83,W Moim Życiu,Ostatni Krzyk Osiedla,Paluch,2016-11-25,214153,44,1Z7Zp7A4TgD5uzYieBItBg
84,Cardio,Cardio,Paluch,2017-10-12,257910,30,2DssdqAjNPUpI3qUy67FrR
85,Wybory,Plansze,Jan-Rapowanie,2019-03-15,272524,56,3KeWngnWN1REq9d26ZanKj
86,FALA,FALA,Guzior,2020-10-27,256000,56,191yHIyhUqBpU2VYNFVbID
87,MATCHA LATTE,MATCHA LATTE,Quebonafide,2020-12-29,177504,49,2beQhTsnVS7jsTwUxU29xo
88,Szaman,Ostatni Krzyk Osiedla,Paluch,2016-11-25,248195,54,0efg1XQEkIk60cfAYEmkCV
89,Magenta (prod. Auer),Muzyka współczesna,Pezet,2019-09-27,200333,58,07Agqdd4SD83JRgN19OjdW
90,Zorza,Egzotyka,Quebonafide,2017-06-07,162443,34,1GNYdCljVysaihacr6Y0Wt
91,The Temple Of The King,Ritchie Blackmore's Rainbow,Rainbow,1975-01-01,282013,64,0gaMmmhGi5buPXpquSAfxg
92,Halo Ziemia,10 / 29,Paluch,2016-03-04,252334,41,7qUTdsU0OVNuBp6Nl7L1JS
93,When A Blind Man Cries - Remastered,Machine Head (Remastered),Deep Purple,1972-03-25,209246,58,0JtcFIgrkSagrM5JdFakeO
94,Grand Prix,Europa,Taco Hemingway,2020-09-04,184546,46,4aVbwkLJ7G4b972zlYhPJa
95,Luxembourg,Europa,Taco Hemingway,2020-09-04,196946,51,0wuuk1Hr5j9uDT5j4J28s3
96,Smoke on the Water,Machine Head,Deep Purple,1972-03-25,342173,63,5SAUIWdZ04OxYfJFDchC7S
97,Wish You Were Here,Echoes: The Best of Pink Floyd,Pink Floyd,2001-11-06,321080,43,6iMjntVYkchLBJcqsiSNYZ
98,Paradise City,Appetite For Destruction,Guns N' Roses,1987-07-21,406306,0,5Q41NLTmGbVPozwHKK7bk2
99,Life Eternal,Prequelle,Ghost,2018-06-01,207120,53,5fXQmRFO1CDN04HtUVNCUh
100,I Want to Know What Love Is - 2008 Remaster,No End in Sight: The Very Best of Foreigner,Foreigner,2008-07-08,295480,60,5DeXQ3qADuDmqsosnZAK3o
101,Don't Stop Believin',Escape (Bonus Track Version),Journey,1981,250986,82,4bHsxqR3GMrXTxEPLuK5ue
102,Living Next Door to Alice,The Original Smokie Gold,Smokie,1975,207693,52,4a8ZMNLB75047bY2I7oABt
103,Love Hurts - Single Edit,Hair of the Dog,Nazareth,1975-04-01,232120,68,5g1rzUEyVFNr2i4ifEjlVN
104,Have You Ever Seen The Rain,Pendulum (Expanded Edition),Creedence Clearwater Revival,1970-12-07,160133,82,2LawezPeJhN4AWuSB0GtAU
105,Dreamer,Down To Earth,Ozzy Osbourne,2001-10-16,284906,62,78PKCefXwDLbl4FVO1Pjzh
106,Purple Rain,Purple Rain,Prince,1984-06-25,520786,75,54X78diSLoUDI3joC2bjMz
107,Run to the Hills - 2015 Remaster,The Number of the Beast (2015 Remaster),Iron Maiden,1982,233506,72,4Zc7TCHzuNwL0AFBlyLdyr
108,Hey Jude - Remastered 2009,The Beatles 1967 - 1970 (Remastered),The Beatles,1973-04-02,431333,65,3m7V717IKZqZLW5qUIOxdD
109,Silver Springs - 2004 Remaster,Rumours (Super Deluxe),Fleetwood Mac,1977-02-04,288786,59,4nZi6XNe36Ut4Nij3IQ1yC
110,Dancing with Tears in My Eyes - Single Version / 2009 Remaster,Dancing with Tears in My Eyes (2009 Remaster),Ultravox,1984-06-09,249493,38,6o6ZPVUPJ0GTs2gQIt2jWc
111,Wonderful Life,Wonderful Life,Black,1987-01-01,287933,69,0IWtEFQBwRHaMXZQtGEVcM
112,Heroes - 2017 Remaster,"""Heroes"" (2017 Remaster)",David Bowie,1977,371413,76,7Jh1bpe76CNTCgdgAdBw4Z
113,Running Up That Hill (A Deal With God),Hounds Of Love,Kate Bush,1985,298933,94,75FEaRjZTKLhTrFGsfMUXR
114,Balans,Czerwony Dywan,Paluch,2018-12-07,270130,49,2kJ45danEDdh4BqGPgoCbX
115,Fiji,Café Belga,Taco Hemingway,2018-07-13,242560,0,2CdCs9y04oDuYCF4ewNzI7
116,Białkoholicy,Umowa o Dzieło,Taco Hemingway,2015-06-28,280764,0,3qP7mVYYiXk9BbhH4VM9Mw
117,Wyjeżdżam by wrócić,Kilka numerów o czymś,Małpa,2009,201513,34,0t91UKs3Q7DU095HoyrxqU
118,Bumerang,Egzotyka,Quebonafide,2017-06-07,208407,27,5pxIcrqw518z9noxlSsCia
119,Kryptowaluty,"Soma 0,5 mg",TACONAFIDE,2018-04-13,276173,52,5BUhxai60oAz69BWZv1qW5
120,Odyseusz,Egzotyka,Quebonafide,2017-06-07,284729,28,2QMXWjWartSxCixoB4dmRk
121,Gdybyś Kiedyś,Ostatni Krzyk Osiedla,Paluch,2016-11-25,220143,51,7hcD9lM5hZl3hY4ASgReNv
122,Wiatr,Wosk,Taco Hemingway,2016-07-27,221718,0,7oG89V4J5UjVnihGNyRFTg
123,Podobno,Trzecie Rzeczy,KęKę,2016-09-16,229426,0,2iuRcL3A08dpPrZBpDR2XA
124,Legendary,No Place Is Home,Welshly Arms,2018-05-25,232173,65,2bDENJyfbxj0neGiXUFvIX
125,Ciemność,Pierwszy Dzień Po Końcu Świata,Sarius,2019-08-30,280258,34,6qykKqE67rrgOAf7abz85f
126,Kawa i papierosy,Mam się świetnie,Shellerini,2016-01-01,160173,0,3JYB96HxTbbqlobhRK0wC8
127,Szczerze,Wosk,Taco Hemingway,2016-07-27,201344,0,1eABKElTBuoawVGwH86ahC
128,Spokój,Alma Mater,Shellerini,2019-10-11,240000,22,2n6yqawCbg3A2QCxuN1wCd
129,AJETLAGTOMÓJNOWYDRAG,ROMANTIC PSYCHO,Quebonafide,2020-04-02,271160,32,5NgiIRfE2oPROyy58yuc0v
130,Nauczysz się czekać (prod. Auer),Muzyka współczesna,Pezet,2019-09-27,237320,42,4Gekcg5AZJypYxGxHma8K6
131,LDZ Zmiennicy,Instrukcja Obsługi Świrów,O.S.T.R.,2019-02-22,210178,27,0893kLth0twvuDR3Rrn0FR
132,Swoje Miejsca,10 / 29,Paluch,2016-03-04,306909,34,1ctPmaSX96S7V9t2ueBMTS
133,Walking in Memphis,Marc Cohn,Marc Cohn,1991-02-08,252613,71,5fgkjhICZnqFctrV0AyuQD
134,California Dreamin' - Single Version,If You Can Believe Your Eyes & Ears,The Mamas & The Papas,1966-03,162373,76,4s6LhHAV5SEsOV0lC2tjvJ
135,We'll Meet Again,Silver Memories: Our Vera,Vera Lynn,2016-03-18,183893,64,6WdcvzQADmrL8nucimUV6r
136,Ain't No Sunshine,Just As I Am,Bill Withers,1971-05-01,125093,77,1k1Bqnv2R0uJXQN4u6LKYt
137,Dance Me to the End of Love,Various Positions,Leonard Cohen,1984-12-11,280626,61,3mFzIFFFmEXTQs6BDAK2ZZ
138,Czarny chleb i czarna kawa,Piła tango,Strachy Na Lachy,2005,203546,50,5nklmUDKX1m6fTZlxD1X5w
139,Bo Jestes Ty,Top Love Hits,Various Artists,2017-08-04,190240,46,4iw1izjwJgdHPZdumrHvyN
140,Nie ma życia,Nadciśnienie,Paluch,2020-11-27,189264,27,3SUZOgGWN3Y28fw9NYo6au
141,Retro,Retro,Epis DYM KNF,2019-10-24,290375,27,1KL3IaltqoBITBw91GGtuE
142,Scenariusz dla moich sąsiadów,Z rozmyślań przy śniadaniu,Myslovitz,1997,192240,53,2AmealVVZqRStMZVNyAByN
143,Dlugość dźwięku samotności,Miłość w czasach popkultury,Myslovitz,1999,251053,58,5ytkHKps6RVVDFZwAqVDCB
144,Nocnym pociągiem aż do końca świata,Happiness Is Easy,Myslovitz,2006-05-12,266973,38,24jVhAsRXxmoN91ThJVSeI
145,Na Spokojnie,10 / 29,Paluch,2016-03-04,215467,34,29PtsEAg5BoUKwcpTFWZD2
146,W domach z betonu,W domach z betonu,PRO8L3M,2020-03-02,214306,34,0T0GUG3sWYYgjDUJQwo1aX
147,Dym,Art Brut 2,PRO8L3M,2020-03-07,145893,41,2Pc8BUFJSIfsaifRBLgCVg
148,Peeling,Czerwony Dywan,Paluch,2018-12-07,263399,56,0W2gYaPROLLYBvYxckrfQT
149,"Wieża radości, wieża samotności",Europa i Azja,Sztywny Pal Azji,2001-12-31,296586,51,2nyBbMPk3yWE0cLJmJcbzH
150,Odchodząc,Masakra,Republika,1998,237333,41,1FLEVJaXv8vZwunzQZSHLK
151,Krakowski spleen,Miłość jest cudowna (1975-2015),Maanam,2015-10-16,279346,48,70X7swUO33mrChUj4JSnbW
152,Knockin' On Heaven's Door,Use Your Illusion II,Guns N' Roses,1991-09-18,336000,78,4JiEyzf0Md7KEFFGWDDdCr
153,"Nikt tak pięknie nie mówił, że się boi miłości",Bułgarskie centrum,Pidżama Porno,2016-04-01,374093,48,1kNPvVDqN2KZZrOhyqEiux
154,Nie nie nie,Model 01,T.Love,2001,238080,48,4mT09JxALjAoUpMplfd8nQ
155,Warszawa,Pocisk miłości,T.Love,1991-10-11,252360,46,5lFmuFUZM6vF36fzjnJZSu
156,Biała flaga - Live,Republika (Reedycja 2011),Republika,2002-03-30,320373,34,2HfsOApfOXphR5FJnv88IX
157,Half Dead,Dla fanów eklektyki,Quebonafide,2017-06-14,278742,40,5TuXRIWZicQ2baTHfXID0U
158,Na Drodze,Trzecie Rzeczy,KęKę,2016-09-16,248533,0,4ksGFoh48GVG9STEHJ3b6v
159,Europa,Europa,Taco Hemingway,2020-09-04,198186,59,1MvKqm1tHKFUF88IKx7MKs
160,Zalatani,Zalatani,Sarius,2019-08-28,185000,43,3PVh0G09x1Dfn1dmNi3Of0
161,Dreams - 2004 Remaster,Rumours (Super Deluxe),Fleetwood Mac,1977-02-04,257800,83,0ofHAoxe9vBkTCp2UQIavz
162,This Is The Life,This Is The Life (eDeluxe),Amy Macdonald,2007-01-01,184413,74,2T3jgoAMbBXiMMD8pSc6QL
163,Apocalypse,Cigarettes After Sex,Cigarettes After Sex,2017-06-09,290146,81,3AVrVz5rK8Hrqo9YGiVGN5
164,No Woman No Cry,Natty Dread,Bob Marley & The Wailers,1974,226240,59,3PQLYVskjUeRmRIfECsL0X
165,Ordinary Man (feat. Elton John),Ordinary Man (feat. Elton John),Ozzy Osbourne,2020-01-10,301730,55,6eEYGGFfFbtKHCgJM4uh9v
166,Under the Graveyard,Under the Graveyard,Ozzy Osbourne,2019-11-08,297682,55,0C4bx13JIMSWOAxd8TaoVq
167,Iron Man - 2012 - Remaster,Iron Man (2012 - Remaster),Black Sabbath,1970-09-18,353613,18,7l3WVKiAbCTnHfUMu1w85n
168,N.I.B.,Black Sabbath (2009 Remastered Version),Black Sabbath,1970-02-13,364493,63,62oNfnQqObaqARM0DTibAL
169,Mogliśmy Wszystko (prod. The Returners),Projekt: Jeden z życia moment,Donguralesko,2017-01-01,210080,34,7I3vZmEjqKeeCI3TfisHLQ
170,Jazz,Stowarzyszenie umarłych raperów,Przyłu & VBS,2019-04-12,312115,45,2RtWmKQPU9MfSCnKr5cc2R
171,Prędkość,W drodze po szczęście,O.S.T.R.,2018-02-26,214701,35,5jTMBN2FMQ8WrHPWVeHxJg
172,Behind Blue Eyes,Results May Vary,Limp Bizkit,2003-01-01,269973,73,1MTQHCpraD4S8g5PAFKzoj
173,"Tam gdzie jest nudno, ale gdzie będziemy szczęśliwi",Raj,The Dumplings,2018-09-21,261413,35,6mn3J5bVu0Bt3hPlK7lkqt
174,What's Up?,"Bigger, Better, Faster, More !",4 Non Blondes,1992-01-01,295533,80,0jWgAnTrNZmOGmqgvHhZEm
175,Miss You,Golgotha,W.A.S.P.,2015-10-02,461480,32,30sZ1d4G8K8RVNhz0IWgPN
176,Johnny B.,Super Hits,The Hooters,1985,237466,57,20JrcZW9Djp70GZyFRrAfl
177,Solitude,Master of Reality (2009 Remastered Version),Black Sabbath,1971-07-21,301640,52,0y1eaipbcP50xp6WLgJtuv
178,You Never Can Tell,Pulp Fiction (Music From The Motion Picture),Various Artists,1994-09-27,161453,45,7p6ZGUXjUe0ctAu5RNnghu
179,Moja Gwardia,Moja Gwardia,KęKę,2021-01-20,204360,32,1Qw87N5N9KHKZosT0wy5ug
180,Ukryty w Mieście Krzyk,Muzyka Klasyczna,Pezet,2002-04-05,201600,0,6gRELaYf0hDk1WyZVAW1MX
181,Powiedział mi ktoś,Wszystko co złe,Sarius,2018-08-31,182653,45,0Xe2cPeOZawmqdJRNywx5f
182,Hall of Fame (feat. will.i.am),#3,The Script,2012-09-10,202533,69,1X1DWw2pcNZ8zSub3uhlNz
183,The Nights,The Days / Nights,Avicii,2014-12-01,176658,0,3OwPSJu609AMzotCEyoMiO
184,Nadal jestem tu,Nadal jestem tu,KęKę,2021-02-17,196106,25,4hJip22FGywDqWCIV24sMS
185,Nie raj,Wiedza o społeczeństwie,Lao Che,2018-02-16,306093,44,1LPzBeE0fNQkklHQayI3dw
186,Gen hardcoru,Chronos,Epis DYM KNF,2018-09-28,261250,33,1EQhc7KuP2K1ugnw45onoT
187,Pozytywne wartości,ATOM,Epis DYM KNF,2020-06-05,195000,36,097kcfUHo7TzzOzAKsdyhH
188,List w Butelce,Złota Owca,Paluch,2017-11-24,219057,43,6RWlszoXD9n1DzSFkEErTm
189,You Never Can Tell,St. Louis To Liverpool,Chuck Berry,1964-11-01,161906,70,6FT83pFXKhDlXDsNJFAHWz
190,Rattle That Lock,Rattle That Lock (Deluxe),David Gilmour,2015-09-18,295573,48,6IYLjqSKQ4ma8FwlZd9LLI
191,Street of Dreams - Bonus Version,The Village Lanterne,Blackmore's Night,2006-04-04,272946,8,7qUx8EtbduXZru3ZXlQJqS
192,Tryb ON,Tryb ON,KęKę,2021-03-22,195840,30,2muiaDbhAy4tUCRN3eQFqA
193,Live Is Life - Live,Die Grössten Hits Aus 15 Jahren,Opus,1997-01-01,254600,61,7hkOgKKybgawYUcrkZD3wV
194,So wie du bist,Mama,MoTrip,2015-06-19,268515,64,12SH8NE1e17yItgsb2gitp
195,DAS RENNEN,DAS RENNEN,RIN,2020-06-05,193684,52,3qT2eKpWNq5cze7kGGORDZ
196,I Still Can't Sleep / The Cannot Touch Her (Betsy's Theme),Taxi Driver,Bernard Herrmann,1976,274240,49,45dFVMC4gijvG7lw3yNnD8
197,Without Me,The Eminem Show,Eminem,2002-05-26,290320,87,7lQ8MOhq6IN2w8EYcFNSUk
198,Komplett im Arsch,Scheitern und Verstehen,Feine Sahne Fischfilet,2012-11-09,283653,0,2lPXTisSIBbl5WtOvZ9gSj
199,Tanz für mich,Wir bauten uns Amerika,Provinz,2020-07-17,209986,58,6tW9IfjsF6D1YdJkIE7AQl
200,Nostalgia,Nostalgia,Kacper HTA,2021-04-06,232329,35,6slxPaEM1yNZsZ7clD6tIW
201,Selbstlos,Mama,MoTrip,2015-06-19,237868,35,5sUXgmCMa0OboFW0xmxFzH
202,Biały Lew,Biały Lew,Sarius,2021-04-06,182857,26,62zyHkZ3ZV3kkbUdYgVFvK
203,Drapacze chmur,Drapacze chmur,Intruz,2021-04-02,172023,13,7b5Q9wqI99ulpRjBHgR9bZ
204,Adios,Fight Club,PRO8L3M,2021-03-30,212013,39,6HFVoNXErW7mM9P9sfunYh
205,Hymne gegen euch,Hymne gegen euch,Provinz,2021-02-16,178668,31,5eodOuMG2p2SfH87betM3X
206,Suga Suga,2016 - 2018,Népal,2019-08-23,224893,61,1kY2dTf9Tpa8QRHlAJeRYd
207,Bevor ich geh,Mama,MoTrip,2015-06-19,209655,30,5nStQfmz4X56SGYQZ1JQSk
208,Zombie,Fight Club,PRO8L3M,2021-03-30,211146,40,3kTbV66UqiZZ9xcTQuadjU
209,NASCAR,Fight Club,PRO8L3M,2021-03-30,162786,46,6GbhNUh4u0d5RDu5jtMdyH
210,Diego Maradona,Wir bauten uns Amerika,Provinz,2020-07-17,178267,30,0rc3zXYH31NzCaJMAzi7va
211,Rany,Rany,Sliwa,2021-04-20,221860,18,3jTSkjeyBWlaH0ZZIyL4Y3
212,Diabeł,Wyszczekany,Dedis,2020-09-18,247269,46,2iAxV6os00MV8g4Dw3Capw
213,THANK GOD,WELCOME TO THE JUNGLE (Deluxe),Rilès,2019-08-30,210236,61,1o6JHLSAtNsIj8AgAvDxXX
214,Grauer Beton,#DIY,Trettmann,2017-09-29,237455,52,2gaHAv8a7eDlsZra2g2J1l
215,Swimmingpoolaugen,Swimmingpoolaugen,Maeckes,2021-04-01,255346,0,7dUS9BQuTLt67grfmxxKDN
216,Diagnoza,Życie Po Śmierci,O.S.T.R.,2016-03-25,244931,34,5a2V37EXVyXVP9LnkxBOdK
217,Bardzo długi list,BIS,KęKę,2021-05-07,229480,27,2eCSNerlTYETOQHYMVvRpt
218,Helikopter,Kodakrom,Shellerini,2021-04-30,256551,8,2D0Qb8A8D1lZXu6JxZ7WJ6
219,Mały świat,Kodakrom,Shellerini,2021-04-30,229333,11,0z2gwdxY0dL1ahay7p46sq
220,Chevy Impala,Chevy Impala,O.S.T.R.,2018-11-06,239295,27,7d50SeRrUgRMCMKFIkvS0s
221,Nisko jest niebo (prod. Auer),Nisko jest niebo (prod. Auer),Pezet,2020-11-04,204788,47,1YSjp4pscPTOHaw2lyKVTA
222,Żar,Żar,PRO8L3M,2021-01-13,198008,40,63WncsLP44sjnDRw1s8oQk
223,SZUBIENICAPESTYCYDYBROŃ,SZUBIENICAPESTYCYDYBROŃ,Quebonafide,2020-04-01,231360,36,3GFUIOx4qdGwFxKXgfy7ap
224,Apollo,Akademia Sztuk Pięknych,Avi,2021-05-21,186400,59,2S13g8BhBuFzkGpwDw1ONM
225,Gelernt,Das nullte Kapitel,Käptn Peng,2017-05-19,201030,51,1rEVYOEfQRHTCTU0UaeKwt
226,Romcom,Alle Liebe nachträglich,Mine,2017-10-13,271740,45,2FK03KdYSIJGy4iXpKzdkS
227,Twingo,POP,Fynn Kliemann,2020-05-29,186984,45,6vFEvkXOnOTUMgPHxogIRK
228,W domach z betonu nie ma wolnej miłości,Polska nostalgia 60+ Cz. 4,Various Artists,2015-05-22,265053,47,6C48u4T4hntL2LMEIo8fbh
229,so schön,trip,CRO,2021-04-29,223800,47,1Zz0sHugKITBf0ItiuhmkK
230,Porno,Fenomenet,Kjartan Lauritzen,2017-09-29,271262,28,3MCCT0fGIUtvMYqiFPEGmD
231,Ich ficke euch (alle),Ich ficke euch (alle),K.I.Z,2021-04-29,237240,43,6ONKZO5NqZvQpCpNdVnMhC
232,Sensitive Kind,5,J.J. Cale,1979-08,307906,49,0nfq0wKQfIwATbUDJZD0ln
233,O Mary Don't You Weep,We Shall Overcome: The Seeger Sessions (American Land Edition),Bruce Springsteen,2006,364973,39,5JN70TFrbjjHVJkKfSXlAn
234,Szklana pogoda,81-91. Największe przeboje (The Best),Lombard,2004-01-29,200866,53,3dae8Xfbu7454VD935DFvW
235,Nasze Bloki 2k21,Nasze Bloki 2k21,Starszy,2021-04-01,216820,47,14ZpypwKwumffnbk1YbN1M
236,Wino,Wino,Czarny HIFI,2021-07-07,195000,38,3XfOrUZyvDLVF2F9WVKZZG
237,Kontrola Jakości,Złota Owca,Paluch,2017-11-24,247776,48,3Sy8Q6qaFefag6e8MFN5aQ
238,Byle gdzie,Alma Mater,Shellerini,2019-10-11,226363,16,4b9Wkh0SbjGNYCTMrDxk6n
239,Monochrom,Instrukcja Obsługi Świrów,O.S.T.R.,2019-02-22,165468,33,4ypX43QEL7mwPW3q5bPurP
240,The Writing On The Wall,The Writing On The Wall,Iron Maiden,2021-07-15,373898,33,4a66HnjRw3kBeQnIGcc8v9
241,Obdrapany marmur (prod. Małach),Obdrapany marmur (prod. Małach),Małach,2021-04-28,176551,39,5Ux3bT0NOAk6eXkQBzfC10
242,Nie Zrozumiesz,ANTIHYPE 2,Sarius,2021-06-25,159813,34,5wJDZrAiKt9DXcUHVVwn2I
243,Frisch,Dachfenster,01099,2021-07-02,158105,28,2nXslLLUtj9I3wyiq1aJi6
244,Kiss cam (podryw roku),Kiss cam (podryw roku),Mata,2021-06-21,170508,62,5hfJcAXpOVb65HtYqgtoE4
245,Schodki,100 dni do matury,Mata,2020-01-17,235773,64,0vPVqOKo8LWVganQgBZS5y
246,GOMBAO 33,100 dni do matury,Mata,2020-01-17,340106,63,2sTuKKRZI1ciK5tflR00YE
247,Pejzaże,ANTIHYPE 2,Sarius,2021-06-25,191240,37,1hx2aNhY0DA7daiCvim1nb
248,Nigdy Nie Mogłem Zapamiętać,ANTIHYPE 2,Sarius,2021-06-25,213293,37,6x6gHLN8P1HxzKMAHSBluG
249,Taksowkarz,Zmiany w sąsiedztwie,Sliwa,2018-12-21,183320,42,6GQMNWbdMT5L3BUs2u89K0
250,Naszyjnik,Naszyjnik,Magiera,2021-02-11,186976,42,5c6tSGBihkJVM8hHxvMcJg
251,Mem (prod. Auer),Mem (prod. Auer),Pezet,2021-07-15,186346,36,1iA961GuoLlH2setq3alcw
252,Testy,ANTIHYPE 2,Sarius,2021-06-25,186000,44,6sGmX16cnyjVOkAlR8GYQJ
253,Zostawić Coś Po Sobie,Syntetyczna Mafia,Paluch,2011-10-01,206869,38,7vo9Jo7RNswCh5o2wfBQ9Z
254,Phantom of the Opera - 2015 Remaster,Iron Maiden (2015 Remaster),Iron Maiden,1980,441466,59,14H2fE4WEdkEem0kjVeODT
255,Iron Maiden - 2015 Remaster,Iron Maiden (2015 Remaster),Iron Maiden,1980,214360,51,21wB3DaIk112Ry3mEzqfit
256,THE HEARTBREAK v2,THE HEARTBREAK v2,Rilès,2021-07-11,210651,45,5xXMHq0eZJSPf9EaZivCoM
257,Bandyta,Bandyta,Sobel,2021-03-29,156013,50,3OcyTN8Nz3bdne5aq9mMR5
258,Testarossa,Testarossa,Wiatr,2020-08-11,233000,58,4yP4P2pHqtejjQ1l12J8bA
259,Legenda,SIARA,KęKę,2021-04-23,184293,35,01LqoYTPYFNLvUQ11GHRW7
260,Co ja wiem?,Uśmiech,Jan-Rapowanie,2020-02-25,177600,53,0XmQabmXUU4ubnZj8b2qX4
261,Wild World,"Big, Bigger, Biggest! The Best Of Mr. Big",Mr. Big,1996-11-25,208506,50,4LxrmBgBLQc2oU60r6cBPW
262,Barman,Pół życia za mną,Sliwa,2021-05-21,189613,17,76vYozfdujmPMNuFrPO84K
263,Jak Makłowicz,Mieszane Uczucia,Rau Performance,2021-04-23,231133,39,3eHm9d6hynbilWyv7EGIpb
264,Niech mnie ktoś uszczypnie,Niech mnie ktoś uszczypnie,Rau Performance,2020-04-13,206608,39,1BaSPeyeeHMNzmcNASv3v4
265,Interakcje,Mieszane Uczucia,Rau Performance,2021-04-23,227253,27,1C3aSTCbSbJOstEgdICLC8
266,Chłopaki nie płaczą,Kwiat polskiej młodzieży,Bedoes,2018-11-30,211800,58,4glBRF3uJCf3bTG4hhIhpn
267,Don't Let Me Be Misunderstood,Broadway-Blues-Ballads,Nina Simone,1964-11-01,166200,58,7M9pPyt8Gr41THLhbz4NSB
268,Beggin',Chosen,Måneskin,2017-12-08,211560,86,3Wrjm47oTz2sjIgck11l5e
269,Świeczki na rzece,Świeczki na rzece,Intruz,2020-11-30,200841,32,6PPDxJmAjoDKDxJvX3qYlh
270,Kompas,Czarno na białym,Gibbs,2021-09-30,247578,52,0Uz1YXmTAsOAdsiFW8D8gU
271,Lepsza strona słońca,Czarno na białym,Gibbs,2021-09-30,264831,47,75TYlcnUj2ntdZqBy5RaH5
272,"Rocket Man (I Think It's Going To Be A Long, Long Time)",Honky Chateau,Elton John,1972-05-19,281613,80,3gdewACMIVMEWVbyb8O9sY
273,Analog,Analog,Sarius,2021-10-14,172000,34,7r2fSbB03YOld4oVQzUpwV
274,Odpocznijmy,Podróże z i pod prąd,Happysad,2005,357133,33,4rZpuVaQAOWcVJFUDJsQwO
275,Kurtz,Młody Matczak,Mata,2021-10-01,255720,59,4Ca4yzwIFgYJxupDhcXLka
276,Nasza klasa ale to DRILL,Młody Matczak,Mata,2021-10-01,223906,58,2IwpIyyFlNYhwLW5ZeHxNe
277,He Is,Meliora (Deluxe Edition),Ghost,2016-09-16,253173,43,0kFlrVCURmdI28SncSXDI3
278,Anja,Flagey EP,Taco Hemingway,2018-07-20,189240,43,1EtYc0dLZL0ifEWLWWwAJE
279,Si jamais j'oublie - Sur la route Live 2015,Sur la route,Zaz,2015-10-30,208219,55,1KkPVmfNmNND1vm5PhUv5R
280,Je veux,Zaz,Zaz,2010-05-10,215933,68,734dz1YaFITwawPpM25fSt
281,Les passants,Zaz,Zaz,2010-05-10,213420,57,6x53YxdtkR2rGLptZCLgUx
282,Klękaj przed panem,Klękaj przed panem,Białas,2021-12-14,177906,36,2PHQo0t0EIN7aDgDKmkCPM
283,NajsHajs,NajsHajs,Sarius,2017-10-27,350174,41,2OukC4FcyVlNHsLfWgKvMV
284,"Instrumedley - Live at Budokan Hall, Tokyo, Japan, 4/26/2004",Live at Budokan,Dream Theater,2004-10-05,735000,31,4dvv9kjWmlLqYdISQoOuDK
285,Beyond the Sun (feat. J Live),Strange Journey Volume Three,Cunninlynguists,2014-04-01,161193,30,2CpP9fn0s3EQN4ErGEF7UX
286,Ballada Ekologiczna,Którędy Wychodzi Się Na Ludzi,Feno,2020-01-10,232269,46,1U1zY3nvxq5JlIANQolMx9
287,Dans mon élément,XX5,Georgio,2018-11-23,255676,49,6O03GOrn4Sey7ktrT8jeMa
288,Seventh Sun,Shining Of Your Soul,Scorpions,2022-02-18,330717,23,7sNNLWgh68ryM8Rk6DPqsY
289,BMW,W samo południe (Deluxe),Reto,2022-02-10,146465,68,0e9dWwZD9EemG1w92C3JLp
290,Nieśmiertelni,Nieśmiertelni,Sarius,2021-09-17,171356,47,7uQEiKqLg8P3i9cPC9c0pQ
291,Call Me Little Sunshine,IMPERA,Ghost,2022-03-11,284266,67,4xAmbn7xiy6wGOs4oaxv70
292,Hunter’s Moon,IMPERA,Ghost,2022-03-11,196106,61,2jfQ2g1q0w8tbjN46rLpr2
293,Puch,Puch,Paluch,2022-03-10,212664,39,0sQtRZ9hXH2TFbVtwkhc72
294,Gotham,Mantra,Kacper HTA,2020-10-16,279200,51,4aAifBZiL5ieml3ZN1gIK5
295,Walkiria,Walkiria,Avi,2019-02-03,172384,38,5B8fNGYgN6HkbOg4rcgXGm
296,Iluzja,Iluzja,Kacper HTA,2019-05-31,220000,59,0xTHot6ZzZbc8eiabOascN
297,Domek w górach,Zeus. Jest super.,Zeus,2015-10-09,244360,37,7b7nYBLUJXyD9B6jU1XMtO
298,Będziemy dziećmi,Zeus. Jest super.,Zeus,2015-10-09,247280,46,4VpZdc76RyUGjohn4SUIjd
299,Do It Like A Dude,Who You Are (Platinum Edition),Jessie J,2011-01-01,195240,58,4wAJ8aQ9Ufj9ylfWESkrDL
300,DJ Is Your Second Name,DJ Is Your Second Name,C-BooL,2017-04-24,212976,40,4MuyeQQn5vdAj5SGyfuX9G
301,Interpol,WIDMO,PRO8L3M,2019-03-01,197040,54,2VVEyPFbGkDePlMDHxjqhq
302,Terrible Thing,Terrible Thing,AG,2019-03-05,217680,46,7Ks9Ajgd4ZZ5hhiDCWcDoc
303,My Funny Valentine,Chet Baker Sings,Chet Baker,1956,141133,62,4l9hml2UCnxoNI3yCdL1BW
304,Hey Hey Rise Up - feat. Andriy Khlyvnyuk of Boombox,Hey Hey Rise Up (feat. Andriy Khlyvnyuk of Boombox),Pink Floyd,2022-04-08,206493,43,6FsXPr00DJIGSMRLNrmmZy
305,Przerywamy Program feat. O.S.T.R. & Hades,Blisko Leży Obraz Końca,Sarius,2013-11-19,231828,27,4nnVBrFeB6FSlAT7eYnfzD
306,Opowieść o Tobie,C30-C39 EP,PRO8L3M,2016-04-22,277260,43,1Abp3RSKwmuppE2SFkH93Z
307,Durch den Monsun - Radio Mix,Durch Den Monsun,Tokio Hotel,2005-01-01,237146,41,5OiC3eltQO7gXvOZMbrTn3
308,Nie Wiem Jak…,ANTIHYPE 2,Sarius,2021-06-25,280946,32,5G2kPOVJWA7lggyxoL1xcm
309,Niedopowiedzenia,Niedopowiedzenia,Czarny HIFI,2012-11-12,273667,0,2nrgOEtV9AZn6oDzbV3uMq
310,Sorry Dolores,BOA,Reto,2018-06-29,198613,51,0yd4OCmrcqvsAMUJGCMEFQ
311,Wittenberg ist nicht Paris,Wittenberg ist nicht Paris,Kraftklub,2022-05-19,190801,57,7mTqeB9n0UciFX0bo3KpvI
312,Fils de joie,Multitude,Stromae,2022-07-27,195440,52,6IfzGXxQHfRbw3GNYa1Whj
313,Fahr mit mir (4x4) (feat. Tokio Hotel),Fahr mit mir (4x4) (feat. Tokio Hotel),Kraftklub,2022-07-07,245556,66,5ouMZCfMxMNxffPX5BR8K4
314,Winaloto,Winaloto,Tommy Cash,2016-07-20,208000,40,4qDp2aoJCukWNIeeCInx3X
315,Bonne journée,Multitude,Stromae,2022-03-03,192040,60,0i0ESj6M9eV8ck3LP07QzD
316,Vermissen (feat. Henning May),Vermissen (feat. Henning May),Juju,2019-05-03,161882,63,1SSzM044DUbVpYNNHWIhYJ
317,Gotaga,"Echelon, Vol. 1",Vald,2020-11-27,138053,50,2diEeH1DjfrYGRlXENLkdY
318,Gozier (feat. Paluch),Polak,PLK,2019-02-01,188010,45,5yUHuvSaB5oCltuM9a00az
